workflow_run_id,artifact_id,artifact_digest,retained_record_count
29564193285,8400473615,67dc37cba117e2790b9e795147a8d4defe9bea64923a4c821dba774df6d46a59,1
29580076615,8406666260,a71a44e1b8e7019a8280ac744ae1859ddad0217d6d3f276e6539f69bfef42d53,1
29583871808,8408187758,9d117e13857c9bc443413679713b58176c017ef8b81339b021a925b58d58174e,3
29584244980,8415347735,b304a44b246b6db3b208c21da8b0b50afa73138d48db134a3791434beee3a0bc,3
29602318645,8415533447,554ba498af6eb91121afb11039c28bf81f5a8beef9b59a0fc18c6b72a5bd9009,5
29602763789,8415715455,6f44b4b9a8e50a7248510416a297ddd2e93379b59b130207bbd0be14b320e3e3,5
29603278294,8415874727,b067636fb2318ccea3aca8e8214b171a98e5ba0ed2580a870fce8a70dcd53f7f,5
29603472784,8415967289,691192a746027c376c43bec37ae466ec6ef8be4457cef7f2b6797a544ec0ec85,2
29603695441,8416039270,416bc3de3b79b5bdf0b5f8e81d7e931ee6b1e9f46cd9f666fc205c5b2ec248d3,2
29603886075,8416109739,721efac9361f0e6111e34c2a1e2764685d753a15da5a4504f07f82303f934d2a,3
