workflow_run_id,artifact_id,artifact_digest,retained_record_count
30309867130,8669932175,98859a562c2b546d612d7b4e53284c17da1910e6037e98b206972f1a35d37d0d,1
30337038142,8679562746,c72bf99c62394393ef98100f3c5deee2b6bdcaa839d163bd0d9dc03a60d711e2,1
30862050704,8874697978,83c8f3787aa13f935af1d507d07fce3221f220c2c981f755095e5c18232ee387,1
30871406281,8878215171,e1611bc801809ddf4353bace46c55382b5b020b308cf9350d38a58b148af1cb7,1
30871406281,8878216722,d52111fec2926810217579a385738868e351fe1764676a96c4ca28aa9a1674f8,1
30871406281,8878217371,e1f4e8484b5355d8da081d85ceaceddb0d796ea1e2d3eccd9748ec176c65457c,1
30871406281,8878217626,6f6de5f03cf70b47188a6eed882bedcf4d5029c710bfd1310db678dcf2f4e60f,1
30872849666,8878473886,ed3ed706ed3a8dbb5fd3e42d75a00bdecddcf89dbe6e80349d1b75eb817ec29f,1
30871406281,8878227264,936893b536f1e18cbecc84ced13576015492c58e4628471042a023a9a1e14bcb,1
30871406281,8878226529,cddc44164c16fd8d738e251d0782204e0830b013e10539827435ee08b1ca9039,1
30871406281,8878227508,72e93f2fe08ff583ee52b07c24ccc535a70057f89095481ffc5769eb88005771,1
30871406281,8878231975,e92010388e5043dc5cc46703a65e1e0c145c2891201a2dda4f8dfd316da5e5bc,1
30872849666,8878474655,1dbd6661358ef1fa02677d409d590c1c5b9b2902609eda0cfd78b6538bbe1662,1
30871406281,8878235499,676abb79b299904a6b3691903e745aad743d4bb74fa757072c29bf3b1f4857e2,1
30871406281,8878237465,ff8738c37f1e20be5078ab0c08a9985188dc154ae1398a5afc7adea88b64e590,1
30871406281,8878239839,ce92943d19670d608a343c91ada930f29252dc8cacba91e87f3db05df769fe1a,1
30871406281,8878243430,1184e0c0e9d22a04c22a6b683bc3ee4a47a3ba6b5cddf2ec98113e3edb6b27a5,1
30871406281,8878243088,a53be96715696ec7eba7d25fabe9bb6c91d7f0ede987537fec28341c293b5e19,1
30871406281,8878246107,4d170a5226507ee32e4abc9207ce924ce6301e5c81bbcec9629150d1c0b21a79,1
30871406281,8878248692,a87cae072bdef294060140993039c60363ac742979380f2439238de14af5638d,1
30871406281,8878251215,8e8da81b71255efef5446c5dea26aaf59b6cd6442749603557b0019d7067acfe,1
30871406281,8878253284,8d104f50da30319ff7b6166ed388ecddd1fcc8e801682102cf6fd3de39f31f59,1
